Timech, Abdel, haltere, curl, pompes, course, 60
Doe, John, barre de traction, abdos, jump squats, corde à sauter, 45
Smith, Amy, haltères, soulevé de terre, planche, escaliers, 55
Johnson, Emily, kettlebell, lunges, dips, sprint, 50
Martinez, Carlos, poids corporel, crunches, burpees, natation, 40
Kim, Minho, barbell, deadlift, plank, cycling, 55
Williams, Jessica, dumbbell, squats, push-ups, jogging, 60
Brown, Sarah, TRX, mountain climbers, box jumps, elliptical, 45
Jones, Michael, resistance bands, leg press, sit-ups, rowing, 50
Garcia, Maria, medicine ball, Russian twists, jumping jacks, cycling, 55
Lee, David, pull-up bar, leg raises, kettlebell swings, running, 50
Rodriguez, Sofia, bodyweight, plank jacks, jump rope, swimming, 40
Nguyen, Alex, free weights, bench press, side planks, stair climbing, 60
Hall, Emma, cable machine, bicep curls, tricep extensions, rowing machine, 45
Thomas, Olivia, sandbag, reverse crunches, box squats, stationary bike, 55
Walker, Daniel, resistance tube, step-ups, bicycle crunches, sprinting, 50
Wilson, Michelle, weighted vest, leg lifts, jump lunges, trail running, 60
Evans, Matthew, weighted ball, sit-up twists, high knees, cross-country skiing, 45
Baker, Lauren, balance board, flutter kicks, squat jumps, treadmill, 50
White, Ryan, agility ladder, plank variations, shuttle runs, rowing, 55